user_name,tweet
BryanCranston,"Me as Pres. Johnson (190lbs-2+ hrs makeup!) A sneak tease for #AllTheWay, on @HBO this May. https://t.co/NraISAav7i https://t.co/fs6oeiLb88"
BryanCranston,Soaked on the set of #WhyHim?How can getting wet - fully clothed be so much fun? You are going down James Franco! https://t.co/jpHUe4Yokx
BryanCranston,"Search words read as if ESPN radio is gay. No, but my friend is now out and able to breathe deep. Proud of ya Steve! https://t.co/FGr5gFytMb"
BryanCranston,At the Vanity Fair party last night I met the great @DonRickles What a thrill to chat with this comic genius! https://t.co/HPUh8Un3zn
BryanCranston,"Wow! I visited my elementary school w/ @RobinRoberts on Journey to the Oscars on ""20/20"" tonight 10 p.m. ET on ABC.  https://t.co/ulp5H6JBTH"
BryanCranston,When you're dirty you take a bath. When you're naughty you take a bath with someone else. Watch @jimmyfallon show tonight! Is that a sponge?
BryanCranston,"My last tweet was satirical. But Senator McConnell, citizens DO have a voice in selecting Justices. It's called a presidential election."
BryanCranston,"Re: Supreme Court Judge. Sen McConnell: ""@POTUS believes 11 months is almost 1 year. I believe it is almost 0 years."" Oh, Mitch. It's time"
BryanCranston,https://t.co/HMCGiwGEXo
BryanCranston,Kung Fu Panda 3 opens today! But the nice folks @MovieTickets are still trying to convince me that Pandas are real. https://t.co/VWxVSK8ILU
BryanCranston,"""A background check on all gun purchases.""  What isn't reasonable about that? Thank you @POTUS for doing what is right. #potusstrongfinish"
BryanCranston,"Btw, my new pic is half of a parentheses. Your comments complete it. I read 'em all - and love  hearing your thoughts. Happy New Year. BC"
BryanCranston,Saw #StarWars yesterday and just loved it! @OfficalJJAbrams you killed it! An homage and a new adventure.The force is with me. Thank you. BC
BryanCranston,"“I'm just saving the world from total destruction!"" Catch the season finale of @SuperMansiontv only on @Crackle: https://t.co/vtEmXBm5CL “"
BryanCranston,https://t.co/YDnq4z39I9
BryanCranston,The day the SAG awards are announced is the 99th birthday of Hollywood legend Kirk Douglas! HAPPY BIRTHDAY SPARTACUS https://t.co/D0qbo4rk6Z
BryanCranston,"A SAG nomination for Helen Mirren, myself, and the cast of Trumbo has me so joyous -I'm beside myself. https://t.co/n2rkanByfb"
BryanCranston,https://t.co/6qwrJpFE1j
BryanCranston,What would you never guess I'd be a member of? Mensa. A boy band. A Furry club? The answer is on tonight's Late Late Show with James Corden.
BryanCranston,"My Twitter page asks: What's happening? The tragedy today in #Paris the world is left wondering the same, what's happening? Pray for peace."
BryanCranston,Crystal meth comes to the Smithsonian courtesy of 'Breaking Bad' https://t.co/GUScQjdxIj
BryanCranston,Crystal meth comes to the Smithsonian courtesy of 'Breaking Bad' https://t.co/ok4wRWZcKC
BryanCranston,Crystal meth comes to the Smithsonian courtesy of 'Breaking Bad' https://t.co/HBvVVAS6XF
BryanCranston,Crystal meth comes to the Smithsonian courtesy of 'Breaking Bad' https://t.co/udECk87Ptp
BryanCranston,"Just saw #Hamilton on broadway. Amazing! The music rocks, Funny, emotional. They should teach history like this! Wow https://t.co/kSBtoBZVtu"
BryanCranston,https://t.co/245jmHe8I7
BryanCranston,Electronic door sign at the Late Show with Stephen Colbert tonight! We go star gazing. https://t.co/ciNWIN4IDD
BryanCranston,Sitting in the green room @HowardStern enjoying listening to the lovely &amp; talented @LeahRemini . I worked with her on K of Q. I'm up next.
BryanCranston,"Ok, you may want to check out Fallon tonight. Bizarre fun that will lift you up - it did me. Smile. BC"
BryanCranston,What?! You haven't seen my new show #SuperMansion on @Crackle ? YOU MUST DO IT NOW! Watch the first three episodes http://t.co/vtEmXBm5CL
BryanCranston,LBJ says: @NashGrier I accept your #BreakingBatten Challenge to help @CureBatten and nominate @GiulianaRancic!... http://t.co/iimYSNfM1Z
BryanCranston,LBJ says @Nashgrier I accept #BreakingBatten challenge &amp; nom @GiulianaRancic RT 2 donate http://t.co/CywPK2bViR #CU https://t.co/HbqhbXfiRY
BryanCranston,"Heisenberg as an old, Viagra popping super hero? It could happen. Watch the sneak peek right now! #SuperMansion  https://youtube/Hl3sbPCIsRw"
BryanCranston,He looks a little sneaky. You haven't seen Sneaky Pete?! Do it now. Go to Amazon pilots. watch&amp;vote.... http://t.co/mUkmEPtb9M
BryanCranston,He looks a little sneaky. You haven't seen Sneaky Pete?! Do it now. Go to Amazon pilots. watch&amp;vote.  #letsgetsneaky http://t.co/RaJiZiQ4tP
BryanCranston,"Aaron, I'm thinking about you today. Hope next year we can share the moment when you blow out your birthday beers. BC http://t.co/CJOOt3QHWY"
BryanCranston,I finished recording #KungFuPanda 3 when I stopped to get a Chai Tea but ordered Tai Chi instead. It's not the same. https://t.co/plAj0tE6zh
BryanCranston,Yes. I've seen most of the tweets. Thanks SO much everyone for writing. This was fun. Stay tuned and be well. BC #asksneakypete
BryanCranston,That guy is fat. How scary can he be? When he stepped onto the patio - it cracked.  #asksneakypete
BryanCranston,"Pete Garity still has the fingernail polish on, even though he says it's not his favorite colors  #asksneakypete"
BryanCranston,We should get Skinny Pete with Sneaky Pete. May the best crook win.  #asksneakypete
BryanCranston,"Hey to all my Israeli friends, fans of The Goldbergs, and some show called Breaking Bad  #asksneakypete"
BryanCranston,Marin Ireland is killing it in that dress. Her humanity did her in.  #asksneakypete
BryanCranston,I'm beginning to think that Pete is a big fat liar #asksneakypete
BryanCranston,Martin Unger lives! #asksneakypete
BryanCranston,We are very excited because we have all the actors signed on and excited to continue the story. Let's get sneaky! #asksneakypete
BryanCranston,Dude has been in prison for three years. He should hot that #asksneakypete
BryanCranston,Don't kill Tinkerbell! Vote for Sneaky Pete or you'll have that on your conscience.  #asksneakypete
BryanCranston,Amazon hopefully will pick up the show if fans write positive reviews and people want it. Like Tinkerbell clap if you believe #asksneakypete
BryanCranston,Sneaky Pete kicks Stinky Petes ass in a fight #asksneakypete
BryanCranston,I just have to say... All of you artists who have sent me pics of your work is just amazing. So talented. Thanks for sharing  #asksneakypete
BryanCranston,This part where he breaks the window was shot in LA #asksneakypete
BryanCranston,Giovanni watching himself - horrified by the experience. Or is that awe? http://t.co/J5z7OivCrp
BryanCranston,"Love these actors!  Real, honest, talented. Can't wait to have a full season with them  #asksneakypete"
BryanCranston,Not ignoring anyone. Wish I could respond faster. This is so funny. We're a bunch of idiots. Nobody here knows how to do this #asksneakypete
BryanCranston,"getting overwhelmed with responses. awesome tat.  What do you think ""real Petes mom did that was unforgivable? #asksneakypete"
BryanCranston,"I'm back. I had to grove on that song. Loved it in the show. What a sweet bad ass, Pete is. #asksneakypete"
BryanCranston,Real snow storm in NY. Wait till you hear the Eels over the snow in slow motion. #asksneakypete
BryanCranston,"Did you see this actor Eddie on Louie, with Louis CK. He was scary."
BryanCranston,"Worked with Ethan Embry on ""That Thing You Do"" good guy"
BryanCranston,Giovanni is watching this for the FIRST TIME. He normally doesn't like seeing himself in film.
BryanCranston,Stay with us. #asksneakypete starts soon.
BryanCranston,I'm screwing this up badly. #asksneakypete
BryanCranston,nevermind that tweet. working on a different tablet. #asksneakypete
BryanCranston,just made it to the place in Venice CA to stzrt thhisd tweetfest. excited. #AskSuperwomanLive
BryanCranston,Sorry for the delay! Stay tuned - #AskSneakyPete will begin shortly. #letsgetsneaky
BryanCranston,Have a question for me? Send it to #AskSneakyPete and I’ll answer live at @EW on PeriscopeCurious about Sneaky Pete. http://t.co/8eXKkMaTVl
BryanCranston,"Oops, sorry about the pic. #AskSneakyPete Monday night. #letsgetsneaky http://t.co/1wzCbp8xDm"
BryanCranston,Got plans on Monday? No? Join me and my TV show #SneakyPete by following my live tweet this Monday night! And #letsgetsneaky IMG_0793.JPG
BryanCranston,Time to get sneaky. Watch #SneakyPete on @Amazon http://t.co/fQmqLPI3Ut  VOTE http://t.co/CxszFsRpQv Please stay with it all the way.Thanks!
BryanCranston,"Took this sunset photo. Beautiful. But gone too soon.That's how I feel about #JonVoyage @TheDailyShow  thank you, Jon http://t.co/kkhDoBXoOA"
BryanCranston,"Ok, check out the #SneakyPete trailer: http://t.co/PCoG03B6JJ You can download the pilot FREE this Friday #AmazonPilots I hope you like it B"
BryanCranston,"Were you a #SneakyPete like me, looking for the short cuts of life? Bet you weren't as bad as Marius. Who? Check it out @ #AmazonPilots"
BryanCranston,"97% of scientists agree, humans are significant contributors to climate change. It's real. To deny this is radical. It’s time. #ActOnClimate"
BryanCranston,"Vince Gilligan tells Astronaut Scott @StationCDRKelly why he wrote BB, despite his poor record of drug use. So cool! http://t.co/T4m0J9YAbU"
BryanCranston,"If you haven't seen it yet, check what happened at Zach Levi's Nerd HQ panel at Comic Con.   https://t.co/LjJlKn1EW7"
BryanCranston,Hey check out this first look at my new show @SuperMansiontv on  @Crackle this fall https://t.co/oy5RHvdvck
BryanCranston,Find this dude outside door E. Careful he's a very #sneakypete http://t.co/jKI5Wl96X2
BryanCranston,This 'Con' is here at Comic Con. If you see him yell out Sneaky Pete! Help catch this thief &amp; be rewarded. http://t.co/jifHh6rOWJ
BryanCranston,2 great things: marriage equality &amp; basic health care are finally the law. Why the Pres. election is so critical - Supreme Court appointees!
BryanCranston,"Leaving EDC - Vegas right now. Pulled an all nighter. Old, my ass... Old, my head. Old, my feet... Happy Fathers Day! http://t.co/uZ4k61rsBE"
BryanCranston,What fun if Trump runs for pres. I'll celebrate with Heisenberg's Vodka. If he wins I'll drink into a coma. http://t.co/6EM4zspS2U
BryanCranston,Only 3 more days before #FindingNeverland opens in NY @NeverlandBway. I will be there. When will you? check this out: http://t.co/4lwTTNJMRv
BryanCranston,"Got my SAG card in 1979 on the film To Race The Wind. The director asked,""Hey kid, can you act?"" Walter Grauman has died. Thank you sir. RIP"
BryanCranston,"Ok, full disclosure-loved this show so much I begged Harvey Weinstein to let me invest in it. Opening night April 15! http://t.co/uRTG9gkDOD"
BryanCranston,"In the news... George Harrison's memorial tree was killed by beetles. Not to be outdone, Mick Jagger slipped on a rolling stone and died."
BryanCranston,Think Walter White was complex? He's got nothin on #LBJ! This book helped me get him under my skin. @josephcalifano http://t.co/pXvH9h1MUT
BryanCranston,I saw this new musical in Boston and cried with joy... But anyone thinking of repeating that better Tread Lightly.   https://t.co/YjyjuIZo9R
BryanCranston,"We're 'sorta ready' for the Super Bowl. If the first quarter stinks, stay tuned for the second - it just might cook. http://t.co/lNWUgX3erF"
BryanCranston,"Wow. Now check this out: a Heisenberg Pharmacist. Where will I - I mean, he, turn up next? It's like Where's Walto? http://t.co/UyvAjwwEUA"
BryanCranston,Guy sends me this: Heisenberg quickly leaving a store in El Paso. Followed him. He got on the 10 heading west. What? http://t.co/YU4oBdK02O
BryanCranston,Breaking Bad won a final award last night at Producers Guild. We're happier than Tom Brady feels when he wraps his fingers around soft balls
BryanCranston,"I love when this happens. A go-fer on my film, LAST CHANCE, @terrymatalas, created of his own show! 12 MONKEYS premieres on SyFy this Friday"
aaronpaul_8,"To belong, you must believe. Two weeks and counting for thepathonhulu people. Can't wait for you… https://t.co/nZ4ScxHvax"
aaronpaul_8,Follow the brilliant director/man @gavin_hood1 and ask him to be in his next movie. Can't wait for you to see the one we did. #eyeinthesky
aaronpaul_8,"Dear @StephenKing, How goes it my friend? So, about these Dark Tower rumors. What are your thoughts? Could you put in a good word for me? Ap"
aaronpaul_8,This is beautiful news.  https://t.co/Ktf0SV8HIy
aaronpaul_8,"Welcome to the new front line. My new film #EyeInTheSky opens in select theaters next Friday, March 11.  https://t.co/sSpT00TYgK"
aaronpaul_8,Fu*k MS!! Check out what my beautiful friend Tamara is doing to raise awareness. Your strength inspires us all. https://t.co/78tYqRCqwM
aaronpaul_8,Who wants these last tickets? Find a guy with braids standing in front of the theater and he will give you some.
aaronpaul_8,Games over. Thank you everyone for participating in this super fun scavenger hunt. Thank you all for you love &amp; support #Boise #Triple9
aaronpaul_8,The final spot is on top of the parking structure across from urban outfitters. Must take stairs to win tickets. I will be holding lots.
aaronpaul_8,Get ready
aaronpaul_8,Ronald McDonald has a house. He doesn't live there. Kids do. 😉 Outside. Don't go in his house.
aaronpaul_8,Tickets in escrow on the corner of 4th and main.
aaronpaul_8,Bank on front and capital. Drive thru.
aaronpaul_8,Multiple pairs of tickets at the whole foods inside the shopping carts in the parking lot. Good luck!!
aaronpaul_8,Sorry...people are following me. Want to make this fair. Ticket locations coming soon.
aaronpaul_8,Find this guy at the Capitol. Must tickle him to get tickets https://t.co/04p9IiplzK
aaronpaul_8,8th and state. Strip by the bank. Drive thru.
aaronpaul_8,9th and state. Look for a park bench. It's on top of that.
aaronpaul_8,Mcu's sports. Inside a bike basket out front.
aaronpaul_8,Next stop. Corner of Jefferson and 8th street. Under the trash can.
aaronpaul_8,The bell. You know where it is.
aaronpaul_8,"Dear Boise,  Come hang out with me! Starting this scavenger hunt in 30 minutes. All tickets will be in the downtown area.  Ap  #Triple9"
aaronpaul_8,Boise!! Come to his bridge near the campus and get some Triple 9 screening passes from me. Love… https://t.co/oZJqwHffJG
aaronpaul_8,"Boise, it's good to be in you again. Who wants to come to this triple 9 screening with me tomorrow? At Goldie's right now. Come get tickets!"
aaronpaul_8,Tune in tonight to watch me touch this beautiful make face. It's always a good time on… https://t.co/DSaEQEvJMK
aaronpaul_8,I'm on @JimmyKimmelLive tonight and I really feel like you should tune in. We talk about some serious issues people. #love #triple9 #fishing
aaronpaul_8,"Dear UK,  Check out Triple 9 right now!!! It's in a theater near you starting today. Tell your friends, bring your grandma.  Love you,  Ap"
aaronpaul_8,You into cults? The brilliant @realmonaghan? Hugh Dancy? Check out the trailer for my new show. @ThePathOnHulu  https://t.co/AEe6vXB7sv
aaronpaul_8,One of the most brilliant minds in music. The legend that is @JackGarratt Enjoy. https://t.co/YEXOmiivk7
aaronpaul_8,Love this man so much. Been friends with @wwwbigbaldhead for nearly 15 years and now finally can… https://t.co/0OKP60iJtO
aaronpaul_8,It will be on February 24th and you can win tickets by listening to your local town square stations. Hope to see you there!!
aaronpaul_8,"Dear Idaho,  I rented out the oldest theater in the state and will be hosting a free screening of @Triple9Movie in said theater.  Come watch"
aaronpaul_8,I can't stop thinking about what @juliannehough did with Grease Live last night. Bravo lady!! You are a star. Congrats to all involved.
aaronpaul_8,"This family won 50 tickets to the Super Bowl! Yo, Craigles, take me! https://t.co/cRObAVmWhh #50to50 #FriendsofMR @marriottrewards"
aaronpaul_8,Never walk away from the fight. #Triple9 hits theaters February 26 -- don't miss it! https://t.co/peuS5PjxV3
aaronpaul_8,"Dear @thelumineers,  Where have you been? We miss you! When is the next album coming out?  Also, play at my house.  Sincerely,   Everyone"
aaronpaul_8,Bojack for the WIN!!!!!!!!!!!!!!!!!!!!! Thank you to all of the critics for this incredible honor.  #CriticsChoiceAwards
aaronpaul_8,#triple9  February 26 https://t.co/cctKgSmg8Z
aaronpaul_8,One of the most gritty films you will ever see. Dive deep into the world of corrupt cops and the… https://t.co/Hx7XlMLVwd
aaronpaul_8,I feel so blessed to be a part of a show with this incredible humans. Check out the link to the… https://t.co/5gAIfP4IzF
aaronpaul_8,One day until your first look at thepathonhulu https://t.co/sZgwlbk1Lm
aaronpaul_8,Doing a Q&amp;A for the rest of the pilot episode. Tune in. Ask me stuff.
aaronpaul_8,Breaking Bad is back!!! On right now. Sundance channel.
aaronpaul_8,"""You want to cook crystal meth?"""
RjMitte,#pinch #green #StPatricksDay #shamrock https://t.co/cPscjMsWeH
RjMitte,Please donate to my brilliant friend @DrSeaRotmann so she can go to #Antarctica &amp; become a kick-ass science leader https://t.co/3tKC8xIKeH
RjMitte,The RAND Luxury Team knows the real way to my heart…fine dining and luxury gadgets…See you in 1 week #March23 @LuxuryTechShow
RjMitte,Happy Birthday @Heather32333!
RjMitte,Check it out and be a part of this amazing journey https://t.co/RHWCzhrrQ5
RjMitte,Excited to attend the @LuxuryTechShow in #NewYork on March 23rd…#TechGadgetJunkie
RjMitte,Challenge to my Twitter fans: each of you check it out &amp; donate at least $1. Let's see what we can get for @DrSeaRotmann in 24h #Antarctica
RjMitte,Challenge to my Twitter fans: each of you check it out &amp; donate at least $1. Let's see what we can get for @DrSeaRotmann in 24h #Antarctica
RjMitte,How many fans can I count on?
RjMitte,Challenge to my Twitter fans: each of you check it out &amp; donate at least $1. Let's see what we can get for @DrSeaRotmann in 24h #Antarctica
RjMitte,Please donate to my brilliant friend @DrSeaRotmann so she can go to #Antarctica &amp; become a kick-ass science leader https://t.co/3tKC8xIKeH
RjMitte,Thank you @LIFX for these AMAZING lights! Probably the best lightbulb I've ever used. Thank you!! https://t.co/xT1wlrmdPf
RjMitte,Los Angeles! Home!
RjMitte,Good morning!  Heading to San Antonio today. Have an A-1 Day!
RjMitte,Actually I'm going boarding!
RjMitte,Heading to the mountains skiing!
RjMitte,Thanks https://t.co/Kg7W4WRRWN Hand Made Jewelry for the choker Laci wore for @WhosDrivingDoug!Check out the website https://t.co/gm3JTRTnKe
RjMitte,"Turn on your tvs to @KTLAMorningNews this morning LA, I'm on in a few #whosdrivingdoug"
RjMitte,Have a great day!
RjMitte,This morning... Bacon!
RjMitte,Tonight... Premier of Who's Driving Doug?
RjMitte,Check out the inspirational #documentary @BulletproofDoc that's now available TODAY @iTunesMovies https://t.co/WGdXODnVip #supportindiefilm
RjMitte,Check out the new @3doorsdown video starring…ME! It's for their single #InTheDark. We had a blast filming this! https://t.co/ntKwbS0Oec
RjMitte,Great interview with @younghollywood for my new movie @WhosDrivingDoug check it out below https://t.co/wyJrTEhK6P
RjMitte,Check out my interview with @PopTrigger on my latest film WHO'S DRIVING @WhosDrivingDoug https://t.co/fT5MFnB2eN thanks for having me.
deanjnorris,Slainte !  ☘ be safe
deanjnorris,"""The sun is the same in a relative way but you're older"" uh, yeah like by an hour, drowsy #DaylightSavingTime"
deanjnorris,"Wow, awesome video https://t.co/RdFLLtA7Kh"
deanjnorris,Ha. Didn't matter  https://t.co/Ma6Jsns0Ub
deanjnorris,Charity golf tourney. Look what they're serving on hole 12 https://t.co/ZglNG1jKkl
deanjnorris,I love Brazil! https://t.co/VksQ9prVnn
deanjnorris,Check out this awesome film!! https://t.co/PAVqxD7wBr
deanjnorris,Crybaby  https://t.co/RX6pUMopjc
deanjnorris,"On the bright side, there's always the Humpty Dance"
deanjnorris,Cause I only shit bullets https://t.co/XQ4pNHxubR
deanjnorris,The magic joint made me young and skinny https://t.co/yecW33jN97
deanjnorris,Brady seemed just a little off today. Almost like the ball was fully inflated. Congrats Broncos. #NEvsDEN
deanjnorris,Authenticity is so hip right now
deanjnorris,#RIPGlenn  The music I came of age to Why Glenn Frey's death shakes us @CNN https://t.co/Bcrm8btZnM
deanjnorris,"So proud of myself at gym! Reduced from ""nonstop"" to ""almost every second"" times I think about stepping off treadmill and walking out door"
deanjnorris,"""I've had it with these mother fckin cheatin dicks on this mother fckin golf course""@SamuelLJackson new movie:Cheatin Dicks on a Golf Course"
deanjnorris,"Apparently Chicago protects its citizens not with a Thin Blue Line but a really thin ""Blue Steel"" line. #OneChicago"
deanjnorris,Apparently Chicago only hires ex-models for their Fire/Med/PD personnel #breakingpretty #OneChicago #copseatdonuts
deanjnorris,Hope they're serving ShraderBrau  https://t.co/Kfb61Bf9Dp
deanjnorris,Hey @dazzajames Happy Birthday !! https://t.co/XLWVxESaky
deanjnorris,Happy New Year Brazil! 😀😎❤️ https://t.co/hR3XDsyit1
deanjnorris,I resolve to be better looking next year. Happy New Year everyone!! https://t.co/4gQhCUjaDk
deanjnorris,Merry Christmas to all!! Wishes of joy love and happiness!!
deanjnorris,#Affluenza Teen needs influenza cure: a shot in the ass. Buck. With some salt
deanjnorris,"My son's school teaching ""Yule Log"" originated in Scandinavia. I say it originated on Beavis and Butthead. Wth?#kidsthesedays"
deanjnorris,Please have decency to not politicize this tragedy until media has time to give terrorist tons of publicity and exploit those grieving.
deanjnorris,"One of the most ridiculous phrases in the modern lexicon if idiocy: ""the Internet is outraged over..."""
deanjnorris,#happythanksgiving hope you are having a better day than this guy https://t.co/oRfj61nyRw
deanjnorris,Now I am https://t.co/EJc4omhYNO
deanjnorris,Exactly. When I was there that happened all the time.  https://t.co/zty2NvtcLl
deanjnorris,No.  My way of letting you know that is you follow me on Twitter. 😎 https://t.co/uZFc9Qnas5
deanjnorris,An annoying aspect of first class passengers on planes is their adamant need to let everyone know they are a first class passenger.
deanjnorris,Another one in the can. Literally This one on film. With my fantastic director Colin Treverrow. #TheBookofHenry https://t.co/kKePPQ54y0
deanjnorris,And the view from Jefferson Memorial. Set in stone eternally staring at another dude's boner https://t.co/mq1E9uIJME
deanjnorris,While in DC reflecting on how this country could possibly have gender issues. https://t.co/T9Ozp7B8ix
deanjnorris,"God bless the brave police, military, firemen and ALL who risk their lives everyday trying to keep us safe."
deanjnorris,My heart aches and I pray for Paris.
deanjnorris,Finished #FistFight in ATL Mon. DC for BrBa Smithsonian event Tue. LA for Secrets premiere last night. NY for Book of Henry today. #America
deanjnorris,Secrets In Their Eyes premiere! With Julia Roberts. Awesome movie opens Nov 20 https://t.co/7Jsw7RaYpB
deanjnorris,#secretintheireyes premiere last night! With Julia Roberts Chiwetel Ejiofor and Zoe Graham. Opens Nov 20 https://t.co/syhcoYFe4w
deanjnorris,Nice!! https://t.co/zFt7l2YOHC
deanjnorris,Korean War memorial DC. Freedom is not free. #VeteransDay https://t.co/zKOQnHlprl
deanjnorris,Mm mm nothing like the smell of a good ole nondenominational cup a Joe in the am
deanjnorris,Wish I could swipe left on shitty wifi
deanjnorris,I need an app that keeps me from punching other apps when they don't work fast enough
deanjnorris,Nice!! @UnderTheDomeCBS  https://t.co/UUEWG4FoU8
deanjnorris,Holy mother of all that is filmmaking. Room. @RoomTheMovie  just stunning see it
deanjnorris,Congratulations #Royals what a gutsy great win! #WorldSeries
deanjnorris,"If ur concerned about offending with your costume, try the bald cap. Still totally cool to make fun of bald guys #hairshaming #Halloween"
deanjnorris,"Hey parents try something different this #Halloween pass out HEALTHY treats! And forever be known as ""that total dickwad"" on you block"
deanjnorris,#HappyHalloween
deanjnorris,Really?Allsaints emails this ad 2 buy a sweater? More like I'm gonna call @Cudlitz from @WalkingDead_AMC to save me https://t.co/YyOE9RPLSW
deanjnorris,"Hey @MSNBC the GOP debate is NOT ""breaking news""! Was scheduled months ago. Get the crawl off! Y people hate media https://t.co/oNedMqtoPB"
deanjnorris,"Did #CNBC just say #Colorado was a state ""blazing"" new paths??  #GOPDebate"
deanjnorris,Why call a cop to do a nun's work https://t.co/It0oZM3sqy
deanjnorris,I think it is important for our country to have congressmen who actually get laid
deanjnorris,#tbt when Gomie was my homie!! @StevenMQuezada #gomieismyhomie https://t.co/lO6JMSMcyq
deanjnorris,Looking for good Sunday film? Check out my bud @realnicbishop and the awesome Jon Voight @WoodlawnMovie http://t.co/4EaX7AAZ2X
deanjnorris,I wish when God rested on the seventh day he commanded ChickfilA to not #whateatnow http://t.co/CgkG5M3VJY
deanjnorris,Always excited to go back to my hometown #southbend #indiana  to watch @NDFootball @NotreDame @FightingIrish  Beat USC!! #BeatSC #GoIrish
deanjnorris,"Every once n while I look round and I'M old guy telling glory day stories. Wtf?! When dat happen? ""Used to b only 3 channels...and..."
deanjnorris,Fuck you. Too late bitch 😩😀😂😂👍💪👊😂😎😎😎😎 https://t.co/uRm3JTfHHI
deanjnorris,Should've shot me motherfuvker. 😎 https://t.co/upHJ4mQqxy
deanjnorris,Here at the @NoLabelsOrg #ProblemSolver convention. Great to see youngsters passionate about politics #nhpolitics http://t.co/reCGKj1xbI
deanjnorris,#NationalPoetryDay  Fro Yo Fruck You Bromance Kiss my ass
deanjnorris,Leaving the belly of the beast NYC. Made a lotta friends with my @Dodgers hat. Here's to a great series. http://t.co/yZYodoc52E
deanjnorris,Awesome. I need https://t.co/MDhlmkbsgN
deanjnorris,"In ATL hotel watching, er following, @Dodgers on Twitter!! Occasional update on @espn wish I was in LA!  Or SF! #OneWin"
deanjnorris,For reals. Can't wait.  https://t.co/UmPfjUYS5v
deanjnorris,"Sarah Silverman, Lee Pace, Dean Norris Join Colin Trevorrow's 'The Book of Henry' (Exclusive) https://t.co/9991b5z8lz"
deanjnorris,Gomie is my Homie. @StevenMQuezada  in da ABQ http://t.co/WvwhkBQNIa
deanjnorris,The crew #Chingon Los Pollos Hermanos #ABQ http://t.co/OECZWmG4s6
deanjnorris,LIVE on #Periscope https://t.co/acuvdLS9hR
deanjnorris,"And come register to vote at Los Pollos Hermanos! (Ok, Twisters on Isleta) https://t.co/1LBnaK2dYU"
deanjnorris,Hey ABQ!  https://t.co/r8YAnqQKMW
deanjnorris,Jesus Christ Marie! Another bald TV husband?!? Good luck tonite  you're the best! @LifeInPiecesCBS http://t.co/QeXHof0igz
deanjnorris,My new gig!!  Jillian Bell and Dean Norris Join Ice Cube and Charlie Day in 'Fist Fight' (Exclusive) http://t.co/YTxKzLGvt7 via @thr
deanjnorris,A man's man. An actor's actor  Christopher Plummer Discusses Doing His Own Stunts in ‘Remember’ http://t.co/sO3PtCvLbp via @Variety
deanjnorris,Hey ABQ! Come help me help my friend @StevenMQuezada help his community! Sept. 24 http://t.co/TYk2CwErKP
deanjnorris,Thanks for a jumping good time Toronto! Till next year. #TIFF15 http://t.co/IW8PlGtfer via @youtube
deanjnorris,Looking forward to #TIFF15 premiere tonite with Atom Egoyan and Chris Plummer #remembermovie http://t.co/lzphssBB6I
deanjnorris,The Hollywood Reporter - 'Remember' Trailer http://t.co/5SJCbLBqXz
deanjnorris,At #TIFF15  promoing Remember Got a 10 min standing O in Venice. The legendary Plummer deserves Oscar consideration http://t.co/2bDRrSiRZP
deanjnorris,"Shows come and go, but I always try my best. Between action + cut I give all I got. Thanks fans  enjoy finale @UnderTheDomeCBS"
deanjnorris,"Only on plane to Toronto and I already feel happier and more polite. Canadians are awesome, and happy, and nice. #TIFF15"
deanjnorris,Excited to be headed back to ABQ!! Come play golf with me for a good cause! https://t.co/oHWpa1h1Rr
deanjnorris,On way to #TIFF15  Can't wait to see this legend again! http://t.co/youK411cLp
deanjnorris,#tbt I was Mexican drug cartel boss on @KeyAndPeele gonna really miss that show. @KeeganMKey @JordanPeele brilliant http://t.co/ICcS8ntF0o
deanjnorris,"W Virginia, pretty sure the play on bottom left of playcall board will kick ass! Just don't use against @NDFootball http://t.co/9FggPUcHdG"
betsy_brandt,So much love for my BrBa family. Thanks to photographer Cliff Lipson...this is one of my… https://t.co/ek7cBO6nyM
betsy_brandt,"Passed a place selling Donald Trump piñatas on the way to the airport.  What a way to leave...Thank you, Austin! @sxsw @ClaireinMotion"
betsy_brandt,#SXSW shenanigans with Zev 😎 #claireinmotion https://t.co/Q6HM9M3jle
betsy_brandt,So happy @BetterCallSaul has been renewed for a third season...can't get enough of Slippin' Jimmy and Co.
betsy_brandt,Loved spending the past two days with my CLAIRE IN MOTION family at #sxsw https://t.co/lr89r4sjqm
betsy_brandt,This was seriously a dream come true! Thank you @weareaustin #sxsw https://t.co/sKs2xcr4x6
betsy_brandt,Love this kid... my fake son from @ClaireinMotion (Zev Haworth) #sxsw https://t.co/OKj8uqlEZG
betsy_brandt,"On the way to @ClaireinMotion premiere at #SXSW. Austin, TX here we come! #delta #traveling https://t.co/RATPG7y74U"
betsy_brandt,"Just like learning my lines for #CDGA18, I'm starting to learn Instagram. #Kayat #denakemp https://t.co/xHGdvFN7Ig"
betsy_brandt,Excited to see tonight's episode!
betsy_brandt,Look @gisellezenberg there's a fart tree in my house.  What a gas!  😘 https://t.co/OG9J9kjRr9
betsy_brandt,All the horses are CGI.
betsy_brandt,Now I want a Pop Tart.
betsy_brandt,You can never go home again...
betsy_brandt,About to start live tweeting LIP EST.
betsy_brandt,Don't miss @LifeInPiecesCBS tomorrow night! https://t.co/2WdUviSGLU
betsy_brandt,https://t.co/xQkcye8usR
mrbobodenkirk,Best book about a Standup comic finding her voice and FUNNIEST one as well!  @sundaybookreview https://t.co/ATNPMMYSOB
mrbobodenkirk,I FINALLY get to interview an artist I respect on my KPOP show! https://t.co/vbIencKTcV
mrbobodenkirk,Best interview I've had in awhile https://t.co/DnqtTHlHMr via @HuffPostEnt
mrbobodenkirk,I think I'm on @ConanOBrien tonite!  I was being utterly serious but everyone laughed at me.
mrbobodenkirk,Sunday book review:  I liked this book very much. https://t.co/yPi7sQUmN6
mrbobodenkirk,"I'll be watching - for the impressions, the fun, for the love of film https://t.co/8NHRbHqqGv"
mrbobodenkirk,"Note!  If you're in Australia, the show Better Call Saul is happening on STAN.  It's...a thing with shows on it. @StanAustralia"
mrbobodenkirk,"Please do watch our first episode of Better Call Saul, season 2,  TONIGHT on AMC. It does not feature Yeezus.  Apologies to Yeezus."
mrbobodenkirk,"this girl is so great, fantastic album.  CHECK IT https://t.co/sphbl7Xl2a"
mrbobodenkirk,Tomorrow Night Better Call Saul Season2 on AMC! Start cram-watching on netflix now! Also - Wishing Good Luck to the Grammys and Grampys!
mrbobodenkirk,"One of the cooler off-beat promo items, never saw til now: https://t.co/s7RUR7DOlP via @vulture"
mrbobodenkirk,"And I always stop in here, too...because they tolerate me: https://t.co/P8O8urUD8J"
mrbobodenkirk,"Send it Delete it Retweet it!  Me, this morning https://t.co/FbMyA9jD59"
mrbobodenkirk,G'bye Wally Ballou Very sad to say it - One of the greats https://t.co/uxdUEuP2fh
mrbobodenkirk,"At the premiere of S2 and boy I'm proud, how'd I get so lucky?  It's a mystery - I'll take it.  BCS on AMC the 15th https://t.co/mF27j8j5oV"
mrbobodenkirk,sure I'll do that https://t.co/cDu2CA0WUy
mrbobodenkirk,Netflix streams ‘Better Call Saul’ starting Monday! ABQ Journal scoops NY Times!!  https://t.co/xXUPp4KRSZ #abq via @abqjournal
mrbobodenkirk,"Then there's this, MARCH 12 https://t.co/LggLD9yMXI"
mrbobodenkirk,"https://t.co/6nF0xVVtfp Proud to be doing the show, where the writing is the star"
mrbobodenkirk,Here's a few answers...ish https://t.co/imRfp9ba1x via @YouTube
mrbobodenkirk,"No Answers, Only Question Marks NEW SAUL PROMO https://t.co/rTDyQ8061i via @YouTube"
mrbobodenkirk,This looks like fun.  I hope you all like it. https://t.co/aTaZvkb2VL via @EW
mrbobodenkirk,Goofus and Gallant live https://t.co/nSmntRnApM
mrbobodenkirk,I am doing a live show this Saturday with a great cast.  I am trying to tweet about it.  Here goes https://t.co/FxqRItZhNK
mrbobodenkirk,I saw The Big Short last night.  It was really fun and great.
mrbobodenkirk,My Resolution for 2016: use the Internet #lowbar
mrbobodenkirk,I am joining with The Compassion Collective. https://t.co/QXXURujhwo #IStandWithLove #TheCompassionCollective
mrbobodenkirk,Andre Hyland singular talent unstoppable going to the 'dance with THE 4TH https://t.co/zV0wggOvxN via @deadline
mrbobodenkirk,I am making a fun fun movie. https://t.co/ap6bIWgFCX
mrbobodenkirk,"Seriously, what's your fave scene on the new Netflix show?  I favor Extra Beatle into Rooms the Musical at this moment. So happy we made it."
mrbobodenkirk,Thank You Onion for this fine overview of our earlier nuttiness https://t.co/yhaeWQbNxW via @TheAVClub
mrbobodenkirk,Dog found Thank you twitterverse!
mrbobodenkirk,"Enjoyed this silly interview, hope you like it and are excited about tomorrow's big opening night https://t.co/dKYHvfRZn1 via @EW"
mrbobodenkirk,"I trust Rainn to deliver, and so, sharing this: The Bassoon King: Idiocy by Rainn Wilson https://t.co/ndIV6muHbV via @amazon"
mrbobodenkirk,I am proud of being a part of Better Call Saul where the star of the show is the writing.  It's on DVD! https://t.co/HEmkU7V5BG via @amazon
mrbobodenkirk,"I will be tweeting a lot this week.  I am excited to share comedy with you. Yours, Genuine Johnson https://t.co/yTG3S65NEY via @TheAVClub"
mrbobodenkirk,"Cyriak did the title sequence for W/Bob&amp;David, coming FRIDAY! https://t.co/qOrkPchmcF via @YouTube"
mrbobodenkirk,"CNN's got it right! Finally.  C'mon FOXnews, get in the game! https://t.co/jSxLPIHow4"
mrbobodenkirk,"I'm a fan of comedy, all the way back - this book is SO FUN...great overview! https://t.co/d3tdthzpRB via @amazon"
mrbobodenkirk,This was super fun last night...COMING NEXT THURSDAY! https://t.co/IjXqDtTmkG
mrbobodenkirk,This looks fun https://t.co/YsV1q2rYtJ via @YouTube
mrbobodenkirk,"Sorry to bother you all with this one, too...but Jay doing ""final giant steps!"" is God.  Love, Bob https://t.co/Lcokypsclz via @rollingstone"
mrbobodenkirk,Here's the fuller article https://t.co/wdiC3wM5TX via @rollingstone
mrbobodenkirk,"Coolest Thing Ever, for me #Mrs. How https://t.co/Rw1XVHWRiZ via @rollingstone"
mrbobodenkirk,"Same scene with LIVE laughs, the way it played. SHOW COMING NOV. 13! Keegan is fantastic, David's fine.https://t.co/RdEDznULAD via @YouTube"
mrbobodenkirk,"Here's David&amp;Keegan, I wrote it, so that's the Bob part. You have a legal right to SWEAR! Begins 11/13 https://t.co/3CXFldonMW via @YouTube"
mrbobodenkirk,"A Good interview with US, hope you like...show's a comin'!  https://t.co/Ve5AtU2ENV"
mrbobodenkirk,"First sketch!  Yayyyy!  Hurry little show, get watched already! https://t.co/5GRGsPkszS via @TheAVClub"
mrbobodenkirk,DECKER please make America great again - talk about an axis of evil!!  Good luck Kingdun! http://t.co/6iUzL7ioE3
mrbobodenkirk,I'll be goofing off in the improv show at THE BOX this Saturday in Albuquerque @theboxabq on Facebook: theshowabq
mrbobodenkirk,"TONITE! I sure loved being in Fargo Season 1, All the Best to Season Two-ers! I'll be watching http://t.co/iHvanuzc1d"
mrbobodenkirk,Our New 'sodes!  Firs' glimpse!  http://t.co/RBQIXIJuvd via @vulture
mrbobodenkirk,Top American standup comic does show!! See clip here! http://t.co/PIE8yBNgxd via @ComedyCentral
mrbobodenkirk,Can't wait to share all this fun idiocy with you all http://t.co/X2x6YcxHku via @TheAVClub
mrbobodenkirk,Hooray for this! https://t.co/Ux4nfzkHML
mrbobodenkirk,Meant to include this backstage pic with my tweet #SecondCityFamily http://t.co/x7QjtQjHNW
mrbobodenkirk,#second city Sorry to hear about the fire. http://t.co/um3xrXNQAK
mrbobodenkirk,THE GREATS!!: A Right Pair Of C**ts: The Complete F**king Derek &amp; Clive is out this month http://t.co/dsmWwmvLgU
mrbobodenkirk,"They rushed this movie out, but still it's exciting to see Space Jam 2 https://t.co/2YR26lecmZ via @YouTube"
mrbobodenkirk,"Me is improvising SAT 8PM at The Box in Albuquerque, Nm http://t.co/bjPyRYCtZb"
mrbobodenkirk,I designed THIS T-SHIRT for SAUL http://t.co/6w8HQpMTWl via @MyPlay
mrbobodenkirk,THIS MOVIE IS REALLY GREAT Segel is awesome Eisenberg perfect see The End Of The Tour - In Theaters July 31st http://t.co/bmMStX5T1m
mrbobodenkirk,Achieve something with your life!  Finally a religion that helps!  Join the worship! http://t.co/QP0ZrVsBq5 via @amazon
mrbobodenkirk,"If you dream of being on TV, you better learn: The 7 Dirty Words You Can't Say on Television https://t.co/aBixKZHKKZ via @YouTube"
mrbobodenkirk,"I RECOMMEND COMEDY, such as, specifically, the 2nd season of the bday boys!!! http://t.co/rMq30L328T via @IFC"
mrbobodenkirk,"One of the funniest smartest nicest comic actors - JERRY MINOR, great interview https://t.co/5Trl4kvg0s via @YouTube"
mrbobodenkirk,Norms Set on Letterman was funny as hell AND quite touching.  Really loved this: https://t.co/KlzKQlsSmn via @YouTube
mrbobodenkirk,Built To Spill -NEW ALBUM kicks ass.  Just great great great https://t.co/tGlQYSjK6e via @YouTube
mrbobodenkirk,"Great Band, New Album Built to Spill: Untethered Moon http://t.co/ghFWAPqHCf via @pitchfork"
mrbobodenkirk,A good interview with me http://t.co/XtqVEqog5Z via @EW
quiethandfilms,Was a pleasure to meet you @onceuponalanap ! https://t.co/FsiPDHua7p
quiethandfilms,Watch the 100 episode of ONCE UPON A TIME tonight !!! Thank you to all my fans at WALKER STALKER Dallas !!! #WSDallas
quiethandfilms,Happy belated birthday mentor and friend @harrybelafonte ! https://t.co/ORZreLuSak
quiethandfilms,"To all my colleagues and friends being honored tonight at the #Oscars , congratulations . Artistry , not color bound, but color blind."
quiethandfilms,"So sorry to be missing all of you great folks at Illinois state university ! Was there , now I am gone !  SNOW !!!!"
quiethandfilms,Thanks London !
quiethandfilms,"To all my fans in London Town , YOU ARE AWESOME !!! Thanks for the good time at Walker Stalker con !!!"
quiethandfilms,Day 2 in London town! #WSCLondon https://t.co/cc6Eu7vLPB
quiethandfilms,Happy birthday #SidneyPoitier . My idol and trailblazer ! https://t.co/7aJMdHOeYs
quiethandfilms,Thanks @RLillycrop ! Great to meet you too ! https://t.co/8emzZ3VbH5
quiethandfilms,Having a great time at #WSCLondon with @RjMitte ! #BestFans https://t.co/ewpuU6zNDM
quiethandfilms,Congrats @mrbobodenkirk and the entire #bettercallsaul team on season 2 !!
quiethandfilms,"I love it when a movie I am in is playing on the plane !!! Makes me feel like it's not in vain !!! Or, maybe it is? https://t.co/PB51xFlyOt"
quiethandfilms,We'll see you there @jamiembradbury  ! https://t.co/6AYFORlqNb
quiethandfilms,Another #JungleBook teaser ! https://t.co/g5s1apPxTG
quiethandfilms,"take the best, leave the rest !  #inspire"
quiethandfilms,"So long old friend, I'll be missing you. #AlanRickman https://t.co/5iCZzHyfSu"
quiethandfilms,This is going to be a good one ! #MoneyMonster coming your way in May ! https://t.co/AkDggGv49i
quiethandfilms,Lo Sono a Casa in #Italia ! https://t.co/9CzlnNExZN
quiethandfilms,thanks for the love Adrian ! https://t.co/6pWFI6bS5W
quiethandfilms,Looking for your next favorite show in 2016? Keep your eyes open for #TheGetDown ! #netflix https://t.co/7dvNvBvACC
quiethandfilms,"Merry Christmas/happy holidays to all of you, from my family to yours ! https://t.co/fMr2ibDoGg"
quiethandfilms,finally getting some time off and need to catch up on movies! What's everyone liking or looking forward to?
quiethandfilms,"If you're in NYC on Monday, come join me to support @TimRyan @norwood_club! RSVP here: https://t.co/6bhZkGh6oc https://t.co/nmvZJaaxo4"
quiethandfilms,"Congratulations on making the old - NEW ! JJ 's passion, integrity and vision, lupita_nyongo… https://t.co/ioQPBYI3p1"
quiethandfilms,We're comin for you. #thisisyourdeath #tiyd #2016 @joshduhamel https://t.co/kB7C7bhjLl
quiethandfilms,60 years later and we can still learn from the bravery and courage shown by the great #RosaParks… https://t.co/EwcyIsF69r
quiethandfilms,Just posted a photo https://t.co/200gqRmmO3
quiethandfilms,amazing talent you have @dayumneens ! https://t.co/mpaT4NJnOU
quiethandfilms,Losing my head at Vienna #ComicCon ! #VIECC https://t.co/jiTo6Ej5Sw
quiethandfilms,So great to be back and in front of the camera again!Great first day of shooting! #TIYD https://t.co/LyAi5CbQIJ
quiethandfilms,"Congratulations @SpikeLee! Mookie finally gets his Oscar! You always, Do The Right Thing!"
quiethandfilms,Wishing I could have been there today for such a monumental moment! Proud to be a part of the family! #breakingbad  https://t.co/QXHK4izzk7
quiethandfilms,Guess whose returning! @OnceABC #100thepisode https://t.co/qi0VA2fZVj
quiethandfilms,Loving the folks at Walker stalkerAtlanta !
quiethandfilms,"""Do not dwell in the past, do not dream of the future, concentrate the mind on the present moment."" -Buddha #mondaymotivation"
quiethandfilms,Thanks @breakingbad702 for the awesome artwork! Now...how do I get a copy? https://t.co/0dYXncScjM
quiethandfilms,Me and @leonbridges last night ! What a great show ! #Parish http://t.co/mKojlWhvhT
quiethandfilms,Now I've seen everything! #WSCPhilly http://t.co/TL0Yxi5iss
quiethandfilms,#TBT #BreakingBad http://t.co/EdyjuOt6bc
quiethandfilms,SCORCH is #1 at the box office ! A big thank you to everyone who is coming out to support ! #bestfans
quiethandfilms,See scorch today ! Come watch Jorge play !!#ReadyForScorch #ReadyForScorchTrials
quiethandfilms,Hats off to Maze Runner SCORCH TRIALS !! Get on board for the ride of a lifetime !! #ReadyForTheScorch #MazeRunner http://t.co/ORZtbjPWjx
quiethandfilms,Praise to my Scorch family! http://t.co/SIPITHzUKS
quiethandfilms,On our way to the Maze Runner: Scorch Trials premiere #soexcited #nyc http://t.co/Z6aQRnqSi5
quiethandfilms,Akela and the rest of #TheJungleBook are coming to life ! https://t.co/4NMtLpoho2
quiethandfilms,giving @rosa_salazar her 1st taste of caviar ! #jorgeandbrenda #readyforscorch http://t.co/M7XA7cbTs0
quiethandfilms,Hello Miami ! Ready for press stop #3 of #ScorchTrials ! http://t.co/KvnZGJBDxp
quiethandfilms,Get ready ! Hold your breath ! Maze Runner SCORCH TRIALS Sept 18 TH ! Can wait to see my cast mates #mazerunner #ScorchTrials
quiethandfilms,São Paulo taxi pick up ! #provadefogo http://t.co/gaUTlv2A1N
quiethandfilms,a soocer fan's dream ! @Corinthians #brazil #provadefogo http://t.co/tMNP9q6bnZ
quiethandfilms,Nobody puts fedora in a corner. http://t.co/hogz4giYll
quiethandfilms,Thank you Sao Paulo for all the love ! We feel it ! #Brazil #MazeRunner http://t.co/pwAyPuXvsQ
quiethandfilms,1st day in São Paulo ! At Artist Kobra's studio . Color personified. #readyforscorch #scorchtrials http://t.co/38mcAcnAEG
quiethandfilms,"happy belated bday, my brother ! How did I miss it ? Hope it was wonderful, miss u !! Aaron Paul @aaronpaul_8 http://t.co/QwEjYWJRW4"
quiethandfilms,Austin this morning. LA this afternoon. Vancouver tonight . What a life ! #lifeontherun http://t.co/hdHDc7dJYL
quiethandfilms,Happy Birthday Scorch mate Dylan O Brien  ! 🎉🎉#DylanOBrien24
quiethandfilms,Greenie screening maze runner coming up !!!! Check it out !
quiethandfilms,Love the new #TheJungleBook poster unveiled at @D23Expo ! 4/15/16 ! #d23expo #akela @jon_favreau http://t.co/e02dDrdhOs
quiethandfilms,Loving my fans at Windsor CC!!
quiethandfilms,heeeeere's Jorge ! Thanks @20thcenturyfox for the new art ! @MazeRunnerMovie #ScorchTrials #readyforscorch #teamjorge http://t.co/hytdmCfGMO
quiethandfilms,Whose side are you on ? The new #ScorchTrials trailer is here ! @MazeRunnerMovie #teamJorge http://t.co/1IVPvRVXQt
quiethandfilms,Had a great time at the Paper Towns premiere last night. Excellent job! @natandalex @JusticetheSmith http://t.co/cpQgrStW5t
quiethandfilms,"congrats to my @breakingbad_amc family -- @mrbobodenkirk, Jonathan, Vince, et al -- on their @BetterCallSaul #emmy noms ! @amc_tv"
quiethandfilms,"back to work ! On set of @TheGetDown playing Pastor Cruz w/ ""mi hermano"" #JimmySmits . @netflix #70s #hiphop http://t.co/VK5b1KHcF2"
quiethandfilms,"tx to all #sdcc fans, @20thcenturyfox @MazeRunnerMovie crew &amp; @WallmanPR for an amazing @Comic_Con ! #ReadyForScorch http://t.co/V2oiFDUAZj"
quiethandfilms,"Tx to @JsixRestaurant for a wonderful dinner ! Great way to end #SDCC . All delicious, loved the squash blossoms ! http://t.co/uTJT4vXSgg"
quiethandfilms,view fr #HallH @Comic_Con stage for @MazeRunnerMovie !  much love to the fans ! #ReadyForScorch #sdcc @WallmanPR http://t.co/659h0W7XLV
quiethandfilms,love running into an old friend @Comic_Con ! @RealJohnCorbett @wallmanpr @nerdist #nerdist #sdcc #SDCC15 #SDCC2015 http://t.co/FkbtWU8uBv
mattjonesisdead,"Goodbye Kensington, Goodbye London. I'm off to Coventry to direct a show I'm very very proud of.… https://t.co/r2H6A5RmMN"
mattjonesisdead,"Huge mistake Bears. HUGE. First Olsen, now this? Seriously, what are you doing?"
mattjonesisdead,"Another adventure... You might be asking, ""Why are you in London?"" Well, thank you for asking.… https://t.co/xMSCMasZr5"
mattjonesisdead,"“Honey, eat your Coldplay.” “But its gross and makes me sick!” “I ate Coldplay for years, it cant be that bad...” *tastes Coldplay, vomits*"
mattjonesisdead,He's all I need. No more new friends. #jasperjones https://t.co/Mrt20JabfC
mattjonesisdead,"How fucking crazy would it be if Peyton got hit so hard he died? In the Super Bowl, in his last game. Greatest sports moment of all time."
mattjonesisdead,The noises my wife makes when Leonardo DiCaprio is on screen could be described at best as “extremely disturbing”.
mattjonesisdead,Is anyone else tired of that girl mispronouncing Mail Chimp?
mattjonesisdead,It's the rebirth of real country music. @wheelerwalkerjr I just preordered the album. https://t.co/NFVfngtJmG
mattjonesisdead,Thanks Dave! https://t.co/IAJFUaPawd
mattjonesisdead,Congratulations @GhostPanther you made an incredible movie. #TheBigShort
mattjonesisdead,After I take my vitamins I get Swaggy P.
mattjonesisdead,LIVE on #Periscope: Making a movie https://t.co/Zd2EL46J72
mattjonesisdead,I did NOT voice Wedge in the new Final Fantasy game.
mattjonesisdead,I've been nominated for my first award!!! Best voice acting in an animated TV show by the… https://t.co/88wXRdJc77
mattjonesisdead,Happy Thanksgiving!!! #beardown https://t.co/BKzNgjbQKb
mattjonesisdead,Oh I get it now. The Leftovers is a prequel to Judging Amy.
mattjonesisdead,"So a couple years ago, my wife and I spent a week in Paris hanging out. Mostly in the Bastille at Le… https://t.co/PWtN0aPU9A"
mattjonesisdead,Wait... Did they make a new Star Wars?
mattjonesisdead,My friend @rainnwilson wrote a book. It's good. You should read it. Because it's good. https://t.co/iO6lnhxaes
mattjonesisdead,Had a great time on the Austin CBS morning show @weareaustin promoting the @austinfilmfest premiere… https://t.co/EUjTAnBCP9
mattjonesisdead,We Need A New L.A. Flag! - Sign the Petition! https://t.co/HKUiOGeapX via @Change @losangelesflag
mattjonesisdead,Welcome to the world Jasper Jones. https://t.co/XqIHLPTE0u
mattjonesisdead,I hate @imnatecorddry and The Green Bay Packers.
mattjonesisdead,My distant cousin @mattjonesrb had a great game today!
mattjonesisdead,Can I wear a tank top to the Emmys?
mattjonesisdead,Millions of people like me are saying “I should’ve started Roddy White.”
CharlesEbaker,12 hrs left! We could really use your support @aaronpaul_8 @BryanCranston @deanjnorris @petergould https://t.co/Ex86uHmWpm
CharlesEbaker,chadberoth's photo https://t.co/ayqRkaL6E5 #FeelTheBern
CharlesEbaker,"Depends on your definition of ""tru""...or ""love""...but...sure!! (Bring protection...and a condom!) https://t.co/Lc0kivnAjL"
CharlesEbaker,Thank you!! https://t.co/0rtxdYuBNe
CharlesEbaker,Please show your support! Every $ helps! https://t.co/FBG8AJiFpq
CharlesEbaker,"Sometimes, we fight imaginary ninjas...this time there were 20 of them!! #prouddad… https://t.co/OaikNjsrai"
CharlesEbaker,I sure hope so! https://t.co/vmIN79XGdf
CharlesEbaker,I have no idea if they're going to bring me in or not. I wish I did... https://t.co/K1wY32mQHU
CharlesEbaker,Super Delegate/Lobbyist @GovHowardDean explains why we don't trust the DNC. Voters don't know what's good for them. https://t.co/5sWjsHgNxf
CharlesEbaker,The one where I do my best Johnny Simons impression... https://t.co/B069445j6y
CharlesEbaker,Thank you!!  https://t.co/xM8mOdNyrN
CharlesEbaker,"That too, lol.  https://t.co/qb93La5mxb"
CharlesEbaker,It's my special power!  https://t.co/A56EbxBcV7
CharlesEbaker,Hey @ccc_paula  I forgot to mention these cats-@oneredmartian
CharlesEbaker,"One of 2 songs, written and performed by me, specifically for the contributor, has been claimed!! Who else?  https://t.co/j407FRcHyj"
CharlesEbaker,Revised version of my interview about music. This one mentions my Elvis encounter! https://t.co/5aRt4etFQn
CharlesEbaker,https://t.co/BYX5eWJS0k https://t.co/BYX5eWJS0k
CharlesEbaker,"I had a great Bday yesterday, now, let's wish my good friend @Charlie_Halford a HAPPY BIRTHDAY today! https://t.co/jj00TutDPO"
CharlesEbaker,Thank you! https://t.co/JqNjjbLLv7
CharlesEbaker,Merci! https://t.co/yDjMJTwziP
CharlesEbaker,"Birthday dinner with my family and fellow birthday person @Skyler_Shelley! (FYI, she can't handle her sake) https://t.co/7b2M8Ucn2y"
CharlesEbaker,Thank you!  https://t.co/Go0KoEzgBC
CharlesEbaker,Great bday gift!! Just in time! This is about to be put to really good use! Thank you! @casting_america https://t.co/WnLJjAiUAf
CharlesEbaker,Thank you Rick!  https://t.co/54Bzrgr4Js
CharlesEbaker,Thank you!  https://t.co/EjxX6dauwD
CharlesEbaker,"If that includes a show in LA, I'm totally in!  https://t.co/6gDOXJSPxS"
CharlesEbaker,https://t.co/VwdYWbj4QZ via YouTube got questions? I ramble through some answers! #askapro @casting_america
CharlesEbaker,"That's a sci-fi COMEDY- also coming are a sci-fi drama, a 1920's biopic, a gothic Western, a mystery, and a horror.  https://t.co/WQXMnvFHC2"
CharlesEbaker,Turn on The History Channel now!  #attendnightclass
CharlesEbaker,"Might get in trouble for this, but I'm gonna anyway- leaked mini-clip of my upcoming sci-fi… https://t.co/ePYDdZjrwH"
CharlesEbaker,Not sure I can ever get tired of that!! Thank you! #BadisBack  https://t.co/3zyZP6m8UI
CharlesEbaker,Can't wait! Night Class: Hitler Trailer - Thursday 11:30/10:30c | History #crossroadsofhistory  #attendnightclass https://t.co/8aZn1OkBKG
CharlesEbaker,I love that @StephenKing likes the shows I've worked on! I've read just about everything he's written. #BrBa #colony https://t.co/MkWdUClB9Z
CharlesEbaker,My youngest is 4yrs old today! Happy Birthday Caelan James! https://t.co/ZfwvvCE7mH
CharlesEbaker,Thank you Jay! https://t.co/dSf3IXvhQt
CharlesEbaker,"Help us out! If you can't contribute, please share!  https://t.co/fQV1KxJPLq"
CharlesEbaker,3 Short Films and a Short Screenplay Competition | Indiegogo- @aaronpaul_8 could you do a dude a solid and share? https://t.co/SzLDk9ZoSP
CharlesEbaker,Thank you!  https://t.co/Hqw55O5Wvw
CharlesEbaker,Help us out!! 3 Short Films and a Short Screenplay Competition | Indiegogo https://t.co/io484t6Wbw
CharlesEbaker,they haven't asked yet. but hopefully!  https://t.co/DJ9cV2RTyP
CharlesEbaker,17 Valentines Day dates...in a row... https://t.co/3L7snMkSbd
CharlesEbaker,😍 Happy Valentines Day! https://t.co/vumquM1ZF8
CharlesEbaker,ironicmind13's photo https://t.co/YxaHDDaYUw #prouddad
CharlesEbaker,They kilt me doc...they kilt me dead... https://t.co/zohLgAmAqU
CharlesEbaker,Is this an offer?  https://t.co/joKyV6h0vY
CharlesEbaker,"""It doesn't matter, it's not in the script..."" 😤😡💥 https://t.co/5ABje4VqxZ"
CharlesEbaker,"I think that's trademarked, lol... https://t.co/4BmCRrCP4H"
CharlesEbaker,The Baker boys #fathersontime #familypics2016 https://t.co/R2jNhJ4DUP
CharlesEbaker,I have photogenic friends...#photooftheday #letmeshootyou https://t.co/LtxRxNYPhP
DanielMoncada80,🔫🔪 https://t.co/ozssPY980m
DanielMoncada80,#TBT https://t.co/5J9GKk8Dc7
DanielMoncada80,Congrats to the New #UFC #WomensBantamWeight #Champion and Respect to Holly Holm for a great… https://t.co/wEEol0X2IA
DanielMoncada80,Congrats to the New #UFC #WomensBantamWeight #Champion https://t.co/wEEol0X2IA
DanielMoncada80,It's time! Good luck to my boy @marcostuntsmtc and @spideranderson. #GoSpider @ufc  #UFCfightpass https://t.co/ILM88rv7e4
DanielMoncada80,We're here At #Casa101 Supporting my boy @theeemitorres w @mscoricalderon 😊 @ Casa 0101 Theater https://t.co/N4rmjfhetY
DanielMoncada80,Watch me tonight on @ScorpionCBS @CBS 9/8c 🔫🙈🙉🙊 https://t.co/J8QrFR5IHF
DanielMoncada80,Saul Broke bad 😈 #BetterCallSaul
DanielMoncada80,Poor Ken 😂Kim &amp; Slippin Jimmy are a great team 😎 @BetterCallSaul #BetterCallSaul
DanielMoncada80,Are you guys ready? I can't wait #BetterCallSaul 📞😈📞😎📞💃 tonight 10/9c https://t.co/oZvQYoSqnW
DanielMoncada80,Who is it? 😈 https://t.co/Pl5lXyIaZ0
DanielMoncada80,I must've Ate like 10 apples that day.  Very Taste apples 😀🔫🔪💀 https://t.co/4RSEfFyvId
DanielMoncada80,#Ambush of Hank @deanjnorris #BadIsBack  https://t.co/p4Zr52LGNz
DanielMoncada80,Let's do this! https://t.co/PKxNqmhUVS
DanielMoncada80,"Thank you all for Tuning in to our episodes,You guys are awesome 💓. We'll be Live next week 🔫🔪💥 #BadIsBack https://t.co/UEZ4LHZeuw"
DanielMoncada80,#IFT Ep was in Honor of Casting Director Shari Rhodes. SuperSweet with a great soul.This was her First Acting role. https://t.co/9a7XEMInJh
DanielMoncada80,Episode #ITF was Directed by @MMMacLaren written by George Mastras &amp; Cinematography by @MichaelSlovis #BadIsBack https://t.co/yD7BLrcr9R
DanielMoncada80,He got it on his first throw like a Pro #BadIsBack  https://t.co/oTA75AbmZi
DanielMoncada80,#BadIsBack  https://t.co/HcZX0VbAb4
DanielMoncada80,Last ep was Dir by AdamBernstein written by VinceGilligan &amp; @petergould &amp;Cinematography @MichaelSlovis #BadIsBack https://t.co/JYRerMJwPl
DanielMoncada80,I remember clearly 😍 #BadIsBack  https://t.co/lRkdjipfXL
DanielMoncada80,#BadIsBack https://t.co/QUMFNZjsJ6
DanielMoncada80,And He ran me over F*ck You #Hank @deanjnorris #BadIsBack  https://t.co/CgnhLzrlb4
DanielMoncada80,Now we're talking #BadIsBack  https://t.co/d8cY0rdwaK
DanielMoncada80,Too late 💥🔫💥 #BadIsBack  https://t.co/lVPiPoQvjZ
DanielMoncada80,We were told by the Director Adam Bernstein  https://t.co/0WQJs4S3OC
DanielMoncada80,THAT WOULD BE EPIC!!  #BadIsBack  https://t.co/YMulvV6apB
DanielMoncada80,Ellas se parecian a nosotros no? Porque te asustamos si somos como unos Ositos? 🐻 #BadIsBack  https://t.co/QxFiMq5BGb
DanielMoncada80,"Te la dedico ""Para el gran filosofo"" #ITF #BadIsBack https://t.co/3yJW9EqpmU"
DanielMoncada80,Saved by the Text #Pollos @quiethandfilms #BadIsBack https://t.co/LNatlvFCgm
DanielMoncada80,If they did they left us out 😡 No Bueno #BadIsBack  https://t.co/g3TlZtygEU
DanielMoncada80,Is the Ugliness 😦 #BadIsBack  https://t.co/jQeYuOai48
DanielMoncada80,You're killing me man 😂 #BadIsBack  https://t.co/ZIPfAg1NYw
DanielMoncada80,"Bro your Collection is to die for...For us is more like To Kill for, We're watching you! #BadIsBack  https://t.co/4TtX93IvII"
DanielMoncada80,Gracias hermano. Just for that You'll get a pass and will live another day 😎 #BadIsBack  https://t.co/aHl5v7MPYO
DanielMoncada80,The hardest part wasto listen to my brother telling me not to messed up since it was my first acting job. #BadIsBad  https://t.co/3TfL27gorB
LuisMoncada77,That was Awesome!!! I LOVE how Hunt just walk away.  #SuperSamoan @ufc @danawhite
LuisMoncada77,Happy #StPatricksDay 🍀 https://t.co/714mbbKkPM
LuisMoncada77,Haha...Saludos a España! Barcelona es mi Equipo! 👊🏼 https://t.co/k2plE5QvYX
LuisMoncada77,Gracias! Saludos a mi gente en Chile! 👊🏼 https://t.co/3iP4bzYfTB
LuisMoncada77,You're absolutely right 👊🏼 https://t.co/a5WDNVxlR7
LuisMoncada77,They do look very Similar. But we don't know if it's a Cartel thing to wear skull boots. @BetterCallSaul  https://t.co/F9ooeDZrWx
LuisMoncada77,Don't know what you're talking about 🤐😏  #BetterCallSaul @BetterCallSaul  https://t.co/oKevuvYOki
LuisMoncada77,I have no words! I'm too F*cking excited  (Trying to pick Jaw off floor)  🔔 🔔 🔔🔔🔔🔔🔔🔔🔔🔔🔔🔔🔔🔔🔔🔔🔔🔔🔔🔔🔔🔔🔔🔔🔔🔔🔔🔔🔔🔔 #BetterCallSaul @BetterCallSaul
LuisMoncada77,Who's the bigger A-Hole Howard or Chuck???   #BetterCallSaul @BetterCallSaul @rheaseehorn @MandoMichael @mrbobodenkirk @AMC_TV
LuisMoncada77,"The more I know about Chuck, the less I like Chuck! #AHole  #BetterCallSaul  @BetterCallSaul @MandoMichael @rheaseehorn @petergould @AMC_TV"
LuisMoncada77,#tbt little scar they game me for Fast &amp; Furious 4  Took about 30-45 minutes to put it on… https://t.co/wCb19IiXEe
LuisMoncada77,Tuco and Krazy-8!!! Tight Tight Tight!!!  @BetterCallSaul #BetterCallSaul
LuisMoncada77,"Hey @MandoMichael You really trying to kill our Cousin? Tread Lightly, M*therF*cker! We're watching U! 😠🔫☠  #BetterCallSaul @BetterCallSaul"
LuisMoncada77,#tbt Miss the Old Muay Thai Academy (MTA) Days. Great memories and friendships were made here. #muaythai #Boxing https://t.co/zImLcMm3Q5
LuisMoncada77,"One weekend, two Championships! Congrats to our lil #Cavs 8u/9u Went undefeated and took both… https://t.co/ygKgLRosUH"
LuisMoncada77,Wow Curry!!! 🙌🏼💪🏽 #GSWatOKC @NBA
LuisMoncada77,#ff   @aaronpaul_8 https://t.co/zdksM5KmzB
LuisMoncada77,WE WANNA SEE THE VIDEO! Haha!✊🏼 #BetterCallSaul @BetterCallSaul
LuisMoncada77,I've missed this Show!! DO NOT mess with Lagertha 😱 #Vikings @HISTORY @HistoryVikings
LuisMoncada77,"What an Amazing 1st episode..Baseball cards were stolen, players got played, a Playuh got F*cked...BRAVO 👏🏼  @BetterCallSaul #BetterCallSaul"
LuisMoncada77,Hahaha Ken got played!!! 😎 #BetterCallSaul @BetterCallSaul
LuisMoncada77,SG Was here...Bitch!!! 😱    Missed the feeling you get when you're watching GREAT TV!  #BetterCallSaul @BetterCallSaul
LuisMoncada77,Fun Fact:We never met Bob while shooting #BrBa Met him the first time at the premiere #bettercallsaul starts in 1 hr https://t.co/F8fQf1AO69
LuisMoncada77,"""I know a guy who knows a guy""  -Saul GoodMan  New Season Tonight 10/9c on AMC @BetterCallSaul #BetterCallSaul https://t.co/27Rp7v166F"
LuisMoncada77,Slippin' Jimmy is back...  #BetterCallSaul returns TONIGHT at 10|9c on #AMC. @BetterCallSaul @petergould @TomSchnauz https://t.co/Cq0cdtbg7U
LuisMoncada77,Let's Go West!!!  #AllStarGame @NBA @NBAonTNT
LuisMoncada77,Who wins the NBA all start Game?  ReTweet = West Favorite =East   #AllStarWeekend @NBA
LuisMoncada77,Happy Valentine's Day from me and my Valentine's to you and yours!  Any Special plans?  My Lil… https://t.co/qXCUb54SqO
LuisMoncada77,This is the Craaaaziest Dunk Contest!!! it-Is-Happening 😱  #AllStarWeekend @NBA
LuisMoncada77,It's Over!!!!! GORDON!!!  #DunkContest #AllStarWeekend @NBA
LuisMoncada77,Wow! That was nice! Clay Thompson is the 3-point contest Champ! #AllStarWeekend @NBA
LuisMoncada77,Who wins the 3 point Contest?   I got Curry!  #AllStarWeekend  @NBA @StephenCurry30
LuisMoncada77,Hahaha That was Awesome! Green and Hart was hilarious! #AllStarWeekend @NBA
LuisMoncada77,Thank you @InkSpiredMag https://t.co/WZbav54Tpl
LuisMoncada77,Michelle McLaren was nominated for Outstanding Directing for her work on this ep. Written by Tom Schnauz #BadIsBack https://t.co/5i77WMHos6
LuisMoncada77,This is my own private domicile and I will not be harassed...Bitch! - Jesse Love that one! Haha!  #BadIsBack
LuisMoncada77,You just F*cked up! You Dead!!!😠🔫💀☠ #BadIsBack  https://t.co/rFjdueJmDw
LuisMoncada77,I'm a coffee guy. I'd love to try Gale's coffee machine! #BadIsBack
LuisMoncada77,And that's how you use a Axe! #BadIsBack https://t.co/rVIFsswAvw
LuisMoncada77,"It's On Tonight!😎Every Wednesday, #BadisBack on @SundanceTV at 9/8c @BreakingBad_AMC  https://t.co/sSQXgMFB1V"
LuisMoncada77,Coco is in charge of making sure Joseph does his homework...She fell asleep 2 minutes into Job!😒 https://t.co/qNEsmxjybF
LuisMoncada77,Take a walk in someone else’s shoes. You’ll fall on the first step. #DontJudge #MotivationMonday
LuisMoncada77,Tu si Sabes! 👊🏼 #LosBukis  https://t.co/14W7Yzu4SC
LuisMoncada77,One of my Favorites for sure 😏 https://t.co/VQytywb73j
LuisMoncada77,What's your Favorite #SuperBowl halftime performance of all time???
LuisMoncada77,Who wins Super Bowl 50 Panthers or Broncos? ReTweet = BRONCOS  Favorite or comment for = PANTHERS   @NFL @Panthers @Broncos #SuperBowl
LuisMoncada77,Don't Cry Because it's Over. Smile because it happened #BreakingBad  https://t.co/MhH8B85NRa
LuisMoncada77,We're done for the night. THANK YOU all for always showing us so much Love. You Guys Are the BEST fans in the world! #BadIsBack 👊🏼
LuisMoncada77,Let's try this AGAIN....  ReTweet if you hate Skyler!! She F'd Ted!😠😱🖕🏼 #BadIsBack #IFT
LuisMoncada77,Would you take the money or not? ReTweet = Yes  Favorite = No   #BadIsBack (For the record I Would!)😏
LuisMoncada77,Retweet if you hate Skyler! 😏 #BadIsBack
LuisMoncada77,🛎🛎🛎🛎🛎🛎🛎🛎🛎🛎🛎🛎🛎🛎🛎🛎🛎🛎🛎🛎🛎🛎🛎🛎🛎🛎🛎🛎🛎🛎🛎🛎🛎🛎🛎🛎🛎🛎🛎🛎🛎🛎🛎🛎🛎🛎🛎🛎🛎🛎🛎🛎🛎🛎🛎 #BadIsBack  https://t.co/C2ouUfIYCs
LuisMoncada77,Fun Fact: GianCarla does Not Speak a word of Spanish. True Professional..Sold it like a Pro! #Respect #BadIsBack https://t.co/DJRxmAHRNz
LuisMoncada77,Hope the Acting Gods are listening to you. Crossing fingers . #BadIsBack  https://t.co/7MB5koCqbi
LuisMoncada77,I'm the one who knocks 😏🔫 https://t.co/peMxvyAdpK
LuisMoncada77,This scene Bryan Kept coming out wearing his towel Busting dance moves trying 2 get us to break Character #BadIsBack https://t.co/4a7IbDTw0h
LuisMoncada77,This were our table reads 😠😠😠😠 #BadIsBack  https://t.co/G8Ouog7mJZ
LuisMoncada77,Thank U so much. I appreciate the kind words. Wouldn't be possible without fans like u to motivate us to do our best https://t.co/sGmDK6oPJn
LuisMoncada77,You have NO idea how hard it was to learn my lines! #BadIsBack  https://t.co/Ry5QiYYZXP
LuisMoncada77,"Fun Fact: First day we got to set, Bryan was Directing. my Bro said : ""That's the Guy from… https://t.co/p8uVsVlfl8"
LuisMoncada77,Define better! ( Keep in mind I'm a hit man and I can easily find out where you live) 😏🔫 #BadIsBack  https://t.co/pCioTBUXQu
LuisMoncada77,Muchas Gracias Hermano. Saludos a mis Latinos! 👊🏼 https://t.co/kDodrBzSj7
LuisMoncada77,Awwww You're making this bad boy blush 😊 Thank you! #BadIsBack  https://t.co/15aHJXl9AY
LuisMoncada77,Look at that bad M*therF*cker in the white shirt...the other guy is OK too. 😏 #BadIsBack  https://t.co/Rld4xtLcC5
LuisMoncada77,The Explosion is one of my favorite Scenes. We did it in one take. Directed by @BryanCranston #BadIsBack https://t.co/9T2rHbyGm1
LuisMoncada77,This kid just talked toooooooo much! #BadIsBack 🔫
LuisMoncada77,But Why??? 😏 https://t.co/OZkPk0kIGr
LuisMoncada77,We Love you too (We'll kill you) But we Love you 👊🏼 https://t.co/FYYvx7ySnF
Krystenritter,SeaWorld ending their breeding program and theatrical shows with Orcas makes me cry with joy.… https://t.co/hSHQcbT0PG
Krystenritter,My BFF and stylist @ilariaurbinati on the cover!!! Girls making noise! Xoxoxo https://t.co/CFgzRwYDsQ
Krystenritter,I love them all! ❤️❤️ But if I had to pick one... Maybe Under the Pressure with Eyes to the Wind as a close 2nd 😘😘 https://t.co/vTZnoFEko1
Krystenritter,Special love to @jennyandteets today. 😔💔🐶RIP Teets https://t.co/4N4czOdd74
Krystenritter,Mikey just knit a massive scarf all by himself. Just kidding he doesn't know how to knit 😜… https://t.co/Ot6kOfpUE3
Krystenritter,Thank you! https://t.co/AKqTzWcL4T
Krystenritter,Pizza!!!!!!!!!!!! RT @staerfire: @Krystenritter pizza or burger?
Krystenritter,I dance when I eat just like that. Lol  https://t.co/cArSfI6PdS
Krystenritter,That's a tough one because I love them all! 😜  https://t.co/6FkAUf9RsH
Krystenritter,So cute 🐶❤️ https://t.co/aZ4AOuRmtY
Krystenritter,Happy birthday ! 🎉❤️ https://t.co/e1sB0LNIBE
Krystenritter,Hahahaha  https://t.co/y93ISRxFid
Krystenritter,I love my fans and it totally blows my mind every day ❤️❤️❤️ #blessed https://t.co/olqAFIdhGN
Krystenritter,Jessica Jones 😜😜😜RT @sophietuirner: @Krystenritter who is your favorite superhero?
Krystenritter,The amazing fans! https://t.co/O20dqJDyvq
Krystenritter,Yes! Very! I love Mike Colter and I'm excited to see him shine and have his own show. I can't wait to see it!  https://t.co/f0fS7sp5rv
Krystenritter,So cute! 😘😘 https://t.co/EtpwppuyVZ
Krystenritter,Cha ching!  https://t.co/tEm6xj6myx
Krystenritter,Totally. I'm super strong 💪🏻😉 https://t.co/limYBbitpI
Krystenritter,So cool!  https://t.co/Qsf4RydVZY
Krystenritter,Happy birthday !  https://t.co/uMG2TVtNNW
Krystenritter,Thank you! Cute artwork 😜 https://t.co/IE350Vbapy
Krystenritter,Wow! Gorgeous photo ;)  https://t.co/dpW60wiyQF
Krystenritter,Thank you! I'm so glad you liked the show! 😍 https://t.co/MBEidC1vgC
Krystenritter,Found dog LA! #Repost @adamcatino  ・・・ This lil gem was found today. Not micro-chipped. He… https://t.co/Jl8ntlPHiU
Krystenritter,Finished my giant blanket! Mikey thinks it's for him and he loves it. ❤️ https://t.co/nJfqv4HFV6
Krystenritter,Thank you woolandthegang for this amazing knitting kit present!! I'm so excited! Thank you!!… https://t.co/cHgHBBtQZ2
Krystenritter,Oh hello ❤️😜! @esquire magazine #JessicaJones https://t.co/8tvrSS8lOh
Krystenritter,How cute are these two at the #Daredevil premiere! Im having #fomo 😂😂 #JessicaJones #lukecage… https://t.co/W1AVrcUX6f
Krystenritter,Bummed to be missing the #Daredevil premiere tonight in NYC! Can't wait to see my Hell's Kitchen… https://t.co/o90U0nEKzR
Krystenritter,All caught up and DANG!!! @MsSarahPaulson is NEXT LEVEL and beyond impressive on @ACSFX!!! GREAT work Sarah!!! SLAY!!!!
Krystenritter,Another one from my @esquire feature 😜😜 #JessicaJones https://t.co/ySKMKroB9k
Krystenritter,New feature in @esquire magazine shot by this badass themagdalenaexperience hair and make up by… https://t.co/rt6vL0kvll
Krystenritter,vanderjames's photo https://t.co/O0YVSLY820
Krystenritter,It's @vanderjames bday today so let's all enjoy the Don't Trust the B in apt 23 BLOOPER REEL!!!! Aahhh! https://t.co/QZ7gQSNen3
Krystenritter,Haha!  https://t.co/gSxL8v8KqH
Krystenritter,Hi!! https://t.co/rg8ti1Gki9
Krystenritter,Joshua Tree 🌵 https://t.co/ItsuH7o9YH
Krystenritter,Love me some @WynonnaMusic !!  https://t.co/wm32R53ehp
Krystenritter,"Boston Bans the Sale of Puppies, Kittens and Rabbits in Pet Stores !! https://t.co/OJm8Up2cSa"
Krystenritter,😂😂😂 https://t.co/YIpWM2jr4g
Krystenritter,Squished little weirdo ❤️ https://t.co/0N9cWgZu8N
Krystenritter,❤️❤️ https://t.co/3AVCVwScNV
Krystenritter,I totally can! 😂💪🏻👏🏻👏🏻 https://t.co/Typx1zijNX
Krystenritter,Thank you! I'm so glad you dig it! https://t.co/uVa7QpYP0R
Krystenritter,👏🏻👏🏻👏🏻💪🏻💪🏻RT @jscottamy: Hey we got a nomination for @JessicaJones AKA Smile! https://t.co/eyW5G18UQT
Krystenritter,Huge yarn! Mikey for size. ❤️😂🎉👏🏻 https://t.co/QJbs6eU2zl
Krystenritter,Thank you  https://t.co/hOeTkE4dft
Krystenritter,"Thank you @saturnawards1 for nominating me for Best Actress,  DT for Best Supporting &amp;… https://t.co/5twhsmJxEe"
Krystenritter,Thank you @saturnawards1 for nominating me for Best Actress &amp; DT for Best Supporting &amp; @JessicaJones for Best New Media show! So grateful!!
Krystenritter,Well - Sadly I won't be on Colbert tonight - due to weather/air traffic I was rerouted to Virginia - so bummed to miss it 😔😔
Krystenritter,Look of the day woop woop!!thank you! https://t.co/qROjPU3sgp
Krystenritter,😂😂😂 https://t.co/JH7vxcM1X7
Krystenritter,So much fun presenting at the costume design awards! Styled by @ilariaurbinati make up by… https://t.co/zZAbX4hPuV
Krystenritter,So much fun with my GIRLS! And @lamornemorris in the BG 😂😂 @amynadine @angeliquecabral https://t.co/24RC8A3Ra6
Krystenritter,Fun girlie goth look tonight for the #cdga2016  @ilariaurbinati @amynadine pamwiggy https://t.co/AtIYtimoPT
Krystenritter,Thank you for my prezzie!! Xox https://t.co/Ki2ezMads5
Krystenritter,So sick! https://t.co/xWktFKBuOd
Krystenritter,I love it!! Thank you!!  https://t.co/Xcpz58CWRp
Krystenritter,Giant doughnut from #voodoodoughnuts so yummy it's scary!! Ps Portland has the best food… https://t.co/U4VcBgagGy
Krystenritter,Brought @princesskyle with me to comic con and he moderated my panel!! Nailed it!! ❤️❤️ https://t.co/9kDvbLuuce
Krystenritter,Beyond!!!!!! 👏🏻👏🏻👏🏻👏🏻 https://t.co/WLBYLyc6UE
Krystenritter,Oh no! @wizardworld can you help? 😘😘 https://t.co/8wuKPRva75
Krystenritter,"See you there! RT @JoshAWright: LBH, @Krystenritter is the only reason I'm going to Wizard World this weekend. #😍 https://t.co/Ud1Gf2mwsA"
Krystenritter,Who's coming to see me this weekend at Wizard World in Portland??!!
Krystenritter,This is BLOWING MY MIND!! @dttbiapt23 THANK YOU!!!! https://t.co/Dq2gXzYrhe
Krystenritter,Oh my GOD!!! Holy water works !! Thank you from the bottom of my heart Jorge @dttbiapt23 for… https://t.co/smDewJplvy
Krystenritter,#Repost @ilariaurbinati  ・・・ RG @jennifercaspen: this just got me... They think she may be… https://t.co/USunufIgWz
Krystenritter,Me and Dejay! My amazing stunt double in #jessicajones just texting each other love notes😍😍 https://t.co/liLVCF7ydr
Krystenritter,Multiple projects going and a prezzie for my Mommy.  #alpaca #cashmere #yarnporn https://t.co/kNThzxmEVn
Krystenritter,❤️❤️❤️Thank you @puretammyfender for my amazing goodies!!! @amynadine gave me the face oil which… https://t.co/K3qfgEQrKo
Krystenritter,Happy Birthday to the coolest dude in the whole world!!! ❤️❤️❤️❤️❤️❤️❤️❤️💋🎁🎉🎂🎤🎸🎶🎵 @thewarondrugs https://t.co/smezzlJhJw
Krystenritter,Happy Valentines Day from me and Mike!!! https://t.co/fnQmNqQWbj
Krystenritter,Congrats to my buddy @JordanGalland on his new move Ava's Possession! Can't wait to see it!! https://t.co/AnUNo3cD28
Krystenritter,Yesssssss https://t.co/1qYlDEjTU3
Krystenritter,😘😘 thank you!  https://t.co/9xvlvtVqET
Krystenritter,Happy bday naweeeenie!!!! @amynadine  LUV U!!!!!! https://t.co/Hw3dTRhU5l
Krystenritter,And I'm in heaven #laknitterieparisienne #biggestyarnever https://t.co/IIzJEguBgF
Krystenritter,Thank you! ❤️❤️ https://t.co/Fhsws5Q3d7
